{
  "custom": {
    "data": {
      "$": [
        "ds",
        192,
        1640620021030
      ],
      "$columns": [
        {
          "data": [
            "Site 1",
            "Site 1"
          ],
          "name": "site",
          "type": "String"
        },
        {
          "data": [
            "Groupe 1",
            "Groupe 1"
          ],
          "name": "groupe",
          "type": "String"
        },
        {
          "data": [
            "Equipement 1",
            "Equipement 2"
          ],
          "name": "equipement",
          "type": "String"
        },
        {
          "data": [
            1,
            2
          ],
          "name": "num_mb",
          "type": "Integer"
        },
        {
          "data": [
            201,
            202
          ],
          "name": "id_devio",
          "type": "Integer"
        },
        {
          "data": [
            "201 - Equip1",
            "202 - Equip2"
          ],
          "name": "nom_devio",
          "type": "String"
        }
      ]
    },
    "database": "Planning",
    "devices": {
      "$": [
        "ds",
        192,
        1640621763599
      ],
      "$columns": [
        {
          "data": [
            "[Site_1]"
          ],
          "name": "device",
          "type": "String"
        },
        {
          "data": [
            "Site 1"
          ],
          "name": "site",
          "type": "String"
        }
      ]
    }
  },
  "params": {},
  "propConfig": {
    "custom.data": {
      "binding": {
        "config": {
          "expression": "\"site,groupe,equipement,num_mb,id_devio,nom_devio\""
        },
        "enabled": false,
        "transforms": [
          {
            "code": "\theaders \u003d value.split(\u0027,\u0027)\n\tdata \u003d [[None]*6]\n\treturn system.dataset.toDataSet(headers, data)",
            "type": "script"
          }
        ],
        "type": "expr"
      },
      "persistent": true
    },
    "custom.database": {
      "persistent": true
    },
    "custom.devices": {
      "binding": {
        "config": {
          "expression": "\"nom_device,nom_site\""
        },
        "enabled": false,
        "transforms": [
          {
            "code": "\theaders \u003d value.split(\u0027,\u0027)\n\tdata \u003d [[None]*2]\n\treturn system.dataset.toDataSet(headers, data)",
            "type": "script"
          }
        ],
        "type": "expr"
      },
      "persistent": true
    }
  },
  "props": {
    "defaultSize": {
      "height": 609,
      "width": 629
    }
  },
  "root": {
    "children": [
      {
        "meta": {
          "name": "Label_Init"
        },
        "position": {
          "basis": "32px"
        },
        "props": {
          "style": {
            "backgroundColor": "#D5D5D5"
          },
          "text": "Initialisation",
          "textStyle": {
            "fontSize": "14px",
            "fontWeight": "bold",
            "textAlign": "center"
          }
        },
        "type": "ia.display.label"
      },
      {
        "children": [
          {
            "events": {
              "dom": {
                "onClick": {
                  "config": {
                    "script": "\tdatabase \u003d self.view.custom.database\n\tPlanning.Initialize.create_tables(database)"
                  },
                  "scope": "G",
                  "type": "script"
                }
              }
            },
            "meta": {
              "name": "Button"
            },
            "position": {
              "basis": "30%"
            },
            "props": {
              "style": {
                "backgroundColor": "#8989BE",
                "borderBottomLeftRadius": 15,
                "borderBottomRightRadius": 15,
                "borderStyle": "none",
                "borderTopLeftRadius": 15,
                "borderTopRightRadius": 15,
                "cursor": "pointer",
                "margin": 5
              },
              "text": "Créer les tables"
            },
            "type": "ia.input.button"
          },
          {
            "events": {
              "dom": {
                "onClick": {
                  "config": {
                    "script": "\tdatabase \u003d self.view.custom.database\n\tPlanning.Initialize.add_support_for_modbus(database)"
                  },
                  "scope": "G",
                  "type": "script"
                }
              }
            },
            "meta": {
              "name": "Button_0"
            },
            "position": {
              "basis": "30%"
            },
            "props": {
              "style": {
                "backgroundColor": "#8989BE",
                "borderBottomLeftRadius": 15,
                "borderBottomRightRadius": 15,
                "borderStyle": "none",
                "borderTopLeftRadius": 15,
                "borderTopRightRadius": 15,
                "cursor": "pointer",
                "margin": 5
              },
              "text": "Support Modbus"
            },
            "type": "ia.input.button"
          },
          {
            "events": {
              "dom": {
                "onClick": {
                  "config": {
                    "script": "\tdatabase \u003d self.view.custom.database\n\tPlanning.Initialize.add_support_for_devio(database)"
                  },
                  "scope": "G",
                  "type": "script"
                }
              }
            },
            "meta": {
              "name": "Button_1"
            },
            "position": {
              "basis": "30%"
            },
            "props": {
              "style": {
                "backgroundColor": "#8989BE",
                "borderBottomLeftRadius": 15,
                "borderBottomRightRadius": 15,
                "borderStyle": "none",
                "borderTopLeftRadius": 15,
                "borderTopRightRadius": 15,
                "cursor": "pointer",
                "margin": 5
              },
              "text": "Support DevIO"
            },
            "type": "ia.input.button"
          }
        ],
        "meta": {
          "name": "Options_Init"
        },
        "position": {
          "basis": "40px"
        },
        "props": {
          "justify": "space-evenly",
          "style": {
            "marginTop": 5
          }
        },
        "type": "ia.container.flex"
      },
      {
        "meta": {
          "name": "Label_Update"
        },
        "position": {
          "basis": "32px"
        },
        "props": {
          "style": {
            "backgroundColor": "#D5D5D5",
            "marginTop": 15
          },
          "text": "Mise à jour des tables",
          "textStyle": {
            "fontSize": "14px",
            "fontWeight": "bold",
            "textAlign": "center"
          }
        },
        "type": "ia.display.label"
      },
      {
        "children": [
          {
            "meta": {
              "name": "modbus"
            },
            "position": {
              "basis": "40%"
            },
            "props": {
              "selected": true,
              "style": {
                "fontSize": "14px",
                "fontWeight": "bold",
                "textAlign": "start"
              },
              "text": "Inclure Numero Modbus"
            },
            "type": "ia.input.checkbox"
          },
          {
            "meta": {
              "name": "devio"
            },
            "position": {
              "basis": "40%"
            },
            "props": {
              "selected": true,
              "style": {
                "fontSize": "14px",
                "fontWeight": "bold",
                "textAlign": "start"
              },
              "text": "Inclure Id et Nom DevIO"
            },
            "type": "ia.input.checkbox"
          }
        ],
        "meta": {
          "name": "Options_Update"
        },
        "position": {
          "basis": "32px"
        },
        "props": {
          "justify": "space-evenly",
          "style": {
            "marginTop": 10
          }
        },
        "type": "ia.container.flex"
      },
      {
        "meta": {
          "name": "Dataset"
        },
        "position": {
          "basis": "25%"
        },
        "propConfig": {
          "props.data": {
            "binding": {
              "config": {
                "path": "view.custom.data"
              },
              "type": "property"
            }
          }
        },
        "props": {
          "pager": {
            "bottom": false
          },
          "selection": {
            "enableRowSelection": false
          },
          "style": {
            "borderColor": "#000000",
            "borderStyle": "solid",
            "borderWidth": 1,
            "margin": 10
          }
        },
        "type": "ia.display.table"
      },
      {
        "events": {
          "dom": {
            "onClick": {
              "config": {
                "script": "\tdatabase \u003d \"Planning\"\n\tdataset \u003d self.view.custom.data\n\tavec_modbus \u003d self.parent.getChild(\"Options_Update\").getChild(\"modbus\").props.selected\n\tavec_devio \u003d self.parent.getChild(\"Options_Update\").getChild(\"devio\").props.selected\n\t\n\tPlanning.Update.update_tables(database, dataset, avec_modbus, avec_devio)"
              },
              "scope": "G",
              "type": "script"
            }
          }
        },
        "meta": {
          "name": "Update"
        },
        "position": {
          "basis": "34px"
        },
        "props": {
          "style": {
            "backgroundColor": "#CCCCFF",
            "borderBottomLeftRadius": 25,
            "borderBottomRightRadius": 25,
            "borderStyle": "none",
            "borderTopLeftRadius": 25,
            "borderTopRightRadius": 25,
            "color": "#000000",
            "marginLeft": 150,
            "marginRight": 150
          },
          "text": "Mettre à jour equipements et plannings"
        },
        "type": "ia.input.button"
      },
      {
        "meta": {
          "name": "Devices"
        },
        "position": {
          "basis": "25%"
        },
        "propConfig": {
          "props.data": {
            "binding": {
              "config": {
                "path": "view.custom.devices"
              },
              "type": "property"
            }
          }
        },
        "props": {
          "pager": {
            "bottom": false
          },
          "selection": {
            "enableRowSelection": false
          },
          "style": {
            "borderColor": "#000000",
            "borderStyle": "solid",
            "borderWidth": 1,
            "margin": 10
          }
        },
        "type": "ia.display.table"
      },
      {
        "custom": {
          "key": "Planning.Update.update_devices(database, dataset)"
        },
        "events": {
          "dom": {
            "onClick": {
              "config": {
                "script": "\tdatabase \u003d \"Planning\"\n\tdataset \u003d self.view.custom.devices\n\tPlanning.Update.update_devices(database, dataset)"
              },
              "scope": "G",
              "type": "script"
            }
          }
        },
        "meta": {
          "name": "Update_0"
        },
        "position": {
          "basis": "34px"
        },
        "props": {
          "style": {
            "backgroundColor": "#CCCCFF",
            "borderBottomLeftRadius": 25,
            "borderBottomRightRadius": 25,
            "borderStyle": "none",
            "borderTopLeftRadius": 25,
            "borderTopRightRadius": 25,
            "color": "#000000",
            "marginLeft": 150,
            "marginRight": 150
          },
          "text": "Mettre à jour devices"
        },
        "type": "ia.input.button"
      }
    ],
    "meta": {
      "name": "root"
    },
    "props": {
      "direction": "column"
    },
    "type": "ia.container.flex"
  }
}