{
  "custom": {
    "database": "Planning"
  },
  "events": {
    "system": {
      "onStartup": {
        "config": {
          "script": "\ttry:\n\t\tself.getChild(\"root\").getChild(\"Dataset\").props.data \u003d system.db.runQuery(\"Select * from equipements\", self.custom.database)\n\texcept:\n\t\tself.getChild(\"root\").getChild(\"Dataset\").props.data  \u003d None\n\t\t\n\ttry:\n\t\tself.getChild(\"root\").getChild(\"Devices\").props.data \u003d system.db.runQuery(\"Select * from devices\", self.custom.database)\n\texcept:\n\t\tself.getChild(\"root\").getChild(\"Devices\").props.data \u003d None"
        },
        "scope": "G",
        "type": "script"
      }
    }
  },
  "params": {},
  "propConfig": {
    "custom.data": {
      "persistent": true
    },
    "custom.database": {
      "persistent": true
    },
    "custom.devices": {
      "persistent": true
    }
  },
  "props": {
    "defaultSize": {
      "height": 642,
      "width": 629
    }
  },
  "root": {
    "children": [
      {
        "meta": {
          "name": "Label_Init"
        },
        "position": {
          "basis": "32px"
        },
        "props": {
          "style": {
            "backgroundColor": "#D5D5D5"
          },
          "text": "Initialisation",
          "textStyle": {
            "fontSize": "14px",
            "fontWeight": "bold",
            "textAlign": "center"
          }
        },
        "type": "ia.display.label"
      },
      {
        "children": [
          {
            "events": {
              "dom": {
                "onClick": {
                  "config": {
                    "script": "\tdatabase \u003d self.view.custom.database\n\tPlanning.Initialize.create_tables(database)"
                  },
                  "scope": "G",
                  "type": "script"
                }
              }
            },
            "meta": {
              "name": "Button"
            },
            "position": {
              "basis": "30%"
            },
            "props": {
              "style": {
                "backgroundColor": "#8989BE",
                "borderBottomLeftRadius": 15,
                "borderBottomRightRadius": 15,
                "borderStyle": "none",
                "borderTopLeftRadius": 15,
                "borderTopRightRadius": 15,
                "cursor": "pointer",
                "margin": 5
              },
              "text": "Créer les tables"
            },
            "type": "ia.input.button"
          },
          {
            "events": {
              "dom": {
                "onClick": {
                  "config": {
                    "script": "\tdatabase \u003d self.view.custom.database\n\tPlanning.Initialize.add_support_for_modbus(database)"
                  },
                  "scope": "G",
                  "type": "script"
                }
              }
            },
            "meta": {
              "name": "Button_0"
            },
            "position": {
              "basis": "30%"
            },
            "props": {
              "style": {
                "backgroundColor": "#8989BE",
                "borderBottomLeftRadius": 15,
                "borderBottomRightRadius": 15,
                "borderStyle": "none",
                "borderTopLeftRadius": 15,
                "borderTopRightRadius": 15,
                "cursor": "pointer",
                "margin": 5
              },
              "text": "Support Modbus"
            },
            "type": "ia.input.button"
          },
          {
            "events": {
              "dom": {
                "onClick": {
                  "config": {
                    "script": "\tdatabase \u003d self.view.custom.database\n\tPlanning.Initialize.add_support_for_devio(database)"
                  },
                  "scope": "G",
                  "type": "script"
                }
              }
            },
            "meta": {
              "name": "Button_1"
            },
            "position": {
              "basis": "30%"
            },
            "props": {
              "style": {
                "backgroundColor": "#8989BE",
                "borderBottomLeftRadius": 15,
                "borderBottomRightRadius": 15,
                "borderStyle": "none",
                "borderTopLeftRadius": 15,
                "borderTopRightRadius": 15,
                "cursor": "pointer",
                "margin": 5
              },
              "text": "Support DevIO"
            },
            "type": "ia.input.button"
          }
        ],
        "meta": {
          "name": "Options_Init"
        },
        "position": {
          "basis": "40px"
        },
        "props": {
          "justify": "space-evenly",
          "style": {
            "marginTop": 5
          }
        },
        "type": "ia.container.flex"
      },
      {
        "meta": {
          "name": "Label_Update"
        },
        "position": {
          "basis": "32px"
        },
        "props": {
          "style": {
            "backgroundColor": "#D5D5D5",
            "marginTop": 15
          },
          "text": "Mise à jour des tables",
          "textStyle": {
            "fontSize": "14px",
            "fontWeight": "bold",
            "textAlign": "center"
          }
        },
        "type": "ia.display.label"
      },
      {
        "children": [
          {
            "meta": {
              "name": "modbus"
            },
            "position": {
              "basis": "40%"
            },
            "props": {
              "style": {
                "fontSize": "14px",
                "fontWeight": "bold",
                "textAlign": "start"
              },
              "text": "Inclure Numero Modbus"
            },
            "type": "ia.input.checkbox"
          },
          {
            "meta": {
              "name": "devio"
            },
            "position": {
              "basis": "40%"
            },
            "props": {
              "style": {
                "fontSize": "14px",
                "fontWeight": "bold",
                "textAlign": "start"
              },
              "text": "Inclure Id et Nom DevIO"
            },
            "type": "ia.input.checkbox"
          }
        ],
        "meta": {
          "name": "Options_Update"
        },
        "position": {
          "basis": "32px"
        },
        "props": {
          "justify": "space-evenly",
          "style": {
            "marginTop": 10
          }
        },
        "type": "ia.container.flex"
      },
      {
        "meta": {
          "name": "Dataset"
        },
        "position": {
          "basis": "25%"
        },
        "props": {
          "data": {
            "$": [
              "ds",
              192,
              1640774903391
            ],
            "$columns": [
              {
                "data": [],
                "name": "site",
                "type": "String"
              },
              {
                "data": [],
                "name": "groupe",
                "type": "String"
              },
              {
                "data": [],
                "name": "equipement",
                "type": "String"
              },
              {
                "data": [],
                "name": "num_mb",
                "type": "Integer"
              },
              {
                "data": [],
                "name": "id_devio",
                "type": "Integer"
              },
              {
                "data": [],
                "name": "nom_devio",
                "type": "String"
              }
            ]
          },
          "pager": {
            "bottom": false
          },
          "selection": {
            "enableRowSelection": false
          },
          "style": {
            "borderColor": "#000000",
            "borderStyle": "solid",
            "borderWidth": 1,
            "margin": 10
          }
        },
        "type": "ia.display.table"
      },
      {
        "custom": {
          "key": null,
          "key_1": "value"
        },
        "events": {
          "dom": {
            "onClick": {
              "config": {
                "script": "\tdatabase \u003d self.view.custom.database\n\tdataset \u003d self.getSibling(\"Dataset\").props.data\n\tif dataset is not None:\n\t\tavec_modbus \u003d self.parent.getChild(\"Options_Update\").getChild(\"modbus\").props.selected\n\t\tavec_devio \u003d self.parent.getChild(\"Options_Update\").getChild(\"devio\").props.selected\n\t\t\n\t\tPlanning.Update.update_tables(database, dataset, avec_modbus, avec_devio)"
              },
              "scope": "G",
              "type": "script"
            }
          }
        },
        "meta": {
          "name": "Update"
        },
        "position": {
          "basis": "34px"
        },
        "props": {
          "style": {
            "backgroundColor": "#CCCCFF",
            "borderBottomLeftRadius": 25,
            "borderBottomRightRadius": 25,
            "borderStyle": "none",
            "borderTopLeftRadius": 25,
            "borderTopRightRadius": 25,
            "color": "#000000",
            "marginLeft": 150,
            "marginRight": 150
          },
          "text": "Mettre à jour equipements et plannings"
        },
        "type": "ia.input.button"
      },
      {
        "meta": {
          "name": "Devices"
        },
        "position": {
          "basis": "25%"
        },
        "props": {
          "data": {
            "$": [
              "ds",
              192,
              1640774903393
            ],
            "$columns": [
              {
                "data": [],
                "name": "device",
                "type": "String"
              },
              {
                "data": [],
                "name": "site",
                "type": "String"
              }
            ]
          },
          "pager": {
            "bottom": false
          },
          "selection": {
            "enableRowSelection": false
          },
          "style": {
            "borderColor": "#000000",
            "borderStyle": "solid",
            "borderWidth": 1,
            "margin": 10
          }
        },
        "type": "ia.display.table"
      },
      {
        "custom": {
          "key": "Planning.Update.update_devices(database, dataset)"
        },
        "events": {
          "dom": {
            "onClick": {
              "config": {
                "script": "\tdatabase \u003d self.view.custom.database\n\tdataset \u003d self.getSibling(\"Devices\").props.data\n\tif dataset is not None:\n\t\tPlanning.Update.update_devices(database, dataset)"
              },
              "scope": "G",
              "type": "script"
            }
          }
        },
        "meta": {
          "name": "Update_Devices"
        },
        "position": {
          "basis": "34px"
        },
        "props": {
          "style": {
            "backgroundColor": "#CCCCFF",
            "borderBottomLeftRadius": 25,
            "borderBottomRightRadius": 25,
            "borderStyle": "none",
            "borderTopLeftRadius": 25,
            "borderTopRightRadius": 25,
            "color": "#000000",
            "marginLeft": 150,
            "marginRight": 150
          },
          "text": "Mettre à jour devices"
        },
        "type": "ia.input.button"
      },
      {
        "events": {
          "dom": {
            "onClick": {
              "config": {
                "script": "\ttry:\n\t\tself.getSibling(\"Dataset\").props.data \u003d system.db.runQuery(\"Select * from equipements\", self.view.custom.database)\n\texcept:\n\t\tself.getSibling(\"Dataset\").props.data \u003d None\n\t\t\n\ttry:\n\t\tself.getSibling(\"Devices\").props.data \u003d system.db.runQuery(\"Select * from devices\", self.view.custom.database)\n\texcept:\n\t\tself.getSibling(\"Devices\").props.data \u003d None"
              },
              "scope": "G",
              "type": "script"
            }
          }
        },
        "meta": {
          "name": "Refresh"
        },
        "position": {
          "basis": "34px"
        },
        "props": {
          "style": {
            "backgroundColor": "#808080",
            "borderBottomLeftRadius": 15,
            "borderBottomRightRadius": 15,
            "borderStyle": "none",
            "borderTopLeftRadius": 15,
            "borderTopRightRadius": 15,
            "cursor": "pointer",
            "margin": 15,
            "marginLeft": 150,
            "marginRight": 150
          },
          "text": "Rafraichir les tables"
        },
        "type": "ia.input.button"
      }
    ],
    "meta": {
      "name": "root"
    },
    "props": {
      "direction": "column"
    },
    "type": "ia.container.flex"
  }
}